real,imag,wn_rad_s,zeta
0.0,0.0,0.0,nan
0.0,0.0,0.0,nan
0.0,0.0,0.0,nan
0.0,0.0,0.0,nan
-11.022775805492671,0.0,11.022775805492671,1.0
-3.7491175794244596,8.817132559060507,9.581112106034164,0.3913029654525463
-3.7491175794244596,-8.817132559060507,9.581112106034164,0.3913029654525463
-0.008591039793967215,0.0,0.008591039793967215,1.0
-1.3505597685437074,3.5679920230130935,3.815046364684694,0.35400874312973873
-1.3505597685437074,-3.5679920230130935,3.815046364684694,0.35400874312973873
-0.0015917821248464595,0.5307547209575726,0.5307571079025544,0.002999078299934339
-0.0015917821248464595,-0.5307547209575726,0.5307571079025544,0.002999078299934339
