case,position_rmse_m,attitude_rmse_deg,convergence_s,saturation_fraction,wind_speed_m_s,mass_kg,Jx,Jy,Jz,passed
0,1.0065364579216243,18.654290127152095,0.62,0.0,1.436011671225043,14.830105645421357,0.8307966705264361,1.0636218108601816,1.7766092096203931,1
1,0.8492251800363071,13.979458031820826,0.22,0.0,1.9623724785126573,14.316286704200566,0.7617430865105047,1.1142348584247437,1.7666988406436988,1
2,0.7892599148789766,8.369463607165581,0.22,0.0,3.336532721491636,13.55581339960473,0.7758927543055746,1.2006228332738165,1.8452968439586368,1
3,1.1739112349915002,29.955687076280157,2.42,0.0,2.1774713379316917,13.231788493838732,0.8222903925741533,1.2193768772051021,1.8897062021400657,1
4,0.9099475094593663,19.80135348209435,2.42,0.0,0.17887536257092765,13.533469659194205,0.8731494818993492,1.2147300250626358,1.7594504594324785,1
5,1.1136283852386837,18.083101384700612,2.22,0.0,1.495964233292974,13.393994986702705,0.8665739962679249,1.0993636177614916,1.7130487620692514,1
6,0.821643615177582,9.457498380229582,0.62,0.0,4.650102111979645,14.714647148482694,0.850949158877042,1.2178227526362984,1.7200415432973788,1
7,0.9057038860606912,15.876546066962815,0.8200000000000001,0.0,3.332209780796814,14.046850992639813,0.8463390346945362,1.1493641958464165,1.645150538778141,1
8,0.8091665452046859,7.3892158335782865,0.62,0.0,2.417418964765479,14.607952407626291,0.7269082654685088,1.189785420195897,1.7206211321699303,1
9,0.9853030874079395,8.394073708057467,1.42,0.0,2.824521367736908,13.45158994497051,0.8525528200367258,1.200672592135397,1.82751965021999,1
