run,success,failure_reason,waypoints_reached,trajectory_rmse_m,cross_track_rmse_m,final_error_m,ekf_position_rmse_m,ekf_velocity_rmse_mps,torque_saturation_pct,mass_scale,inertia_x_scale,inertia_y_scale,inertia_z_scale,wind_x_mps2,wind_y_mps2,wind_z_mps2,sensor_seed
1,True,none,5,0.15521423578856353,0.11514167507286367,0.14485657900508386,0.1290216363847034,0.12052963766709843,0.0,0.9397844901652925,1.0948651965580698,1.0006055308704955,1.0817910450297603,-0.11906295345873028,-0.049703915354872674,-0.08061469830562473,1168756890
2,True,none,5,0.14462220281217192,0.09437727327670206,0.11555734069652888,0.11653037902758663,0.12028746015566942,0.0,0.9481965572316398,0.9192494988381043,0.934124129532753,0.9139309312780725,0.08452033489317823,0.34520149327755567,-0.11709807979991516,1905796116
3,True,none,5,0.16333672387429687,0.12369507655683154,0.11830191929792684,0.14507181834639005,0.1198778753959563,0.0,1.0666642469596337,0.9999710702289255,1.0951971513204486,0.9774093933135614,0.10320806666286758,-0.3351297158685391,0.01805282686927759,1167738995
4,True,none,5,0.14760653833732004,0.1245242011426528,0.13073572061250838,0.14507094868170325,0.11607353958286237,0.024993751562109475,1.0379841694514558,0.9022984664361896,1.0866735780495294,1.0819623271789733,-0.18151373922119501,-0.16397790765555514,-0.06265834648331624,790020859
5,True,none,5,0.1624167297386666,0.13396716613310264,0.07945540255012726,0.12566406588692744,0.12494934149553258,0.0,1.073964847853176,0.9724675934091428,1.0791520560128771,1.0826649956792787,0.3099169862131941,0.23939135292120128,0.15159104271578505,605221851
6,True,none,5,0.15097157311573434,0.11632477810643842,0.06730875066424565,0.12012402436839688,0.11562489351319846,0.0,1.066901743509419,1.0252605704588291,1.0757214452593291,0.9209987218820144,0.012463313676016607,-0.32836610466058946,-0.04971524442622391,646816154
7,True,none,5,0.17220337344729106,0.1416299278462821,0.15838463187463278,0.12618710975130001,0.11871057669097153,0.0,1.046732352780684,1.068224068558869,0.9845603266451257,0.9208243275776993,-0.09877365508524982,0.21550786440272185,0.054160915321996794,510552726
8,True,none,5,0.14422845858549466,0.10699365467474681,0.07276215311494338,0.12480440898133395,0.12322127147750014,0.0,1.0517734632297275,1.0349433531398824,0.9453998633093534,1.0307848384402356,0.03103575231164557,0.28559165450836166,-0.17232260988270148,320191549
9,True,none,5,0.12196044439481651,0.08830634880203096,0.14527154190138605,0.13157524613564806,0.11905069653699084,0.024993751562109475,0.9000283256193082,0.9317109244172568,0.9069024892057774,1.074939426166254,0.3455274850322496,0.28502000870325583,-0.0769864486657717,1807175045
10,True,none,5,0.151089424979127,0.11635541539527466,0.1849816215944716,0.14891958142230202,0.12052014464578976,0.0,1.066576668880183,0.9212293330051898,1.0227952749478728,1.0873293019989245,0.2509820361783761,-0.2463154534020076,-0.04716244599077207,198270362
11,True,none,5,0.16831768354047114,0.13528753513409808,0.08409320164575906,0.1497599414025591,0.11835429005807946,0.0,1.0009681885319628,1.0485829243255902,1.0853363038359412,0.908868528134874,0.032138861125413254,0.14855683252837587,0.1361089848292945,392763733
12,True,none,5,0.18966026952677453,0.16402046370582363,0.11928483041728664,0.1335935090731924,0.12117954906021772,0.0,0.9386243860157626,1.0137850670603537,0.951336083379061,1.0802985726512375,-0.10850278505132385,-0.31477114329944844,-0.08372348842242683,608058136
13,True,none,5,0.13229994265286746,0.09165287104868662,0.03722883394451086,0.15251241192438345,0.12044498332516321,0.0,0.9875669212815202,0.9305210881398664,1.0284821407072764,0.9930390281393332,0.10909883552104094,-0.10563673932658074,-0.08903390738274612,1091127164
14,True,none,5,0.14553431050582305,0.11532947690950188,0.05661538687803579,0.13365102751423522,0.117703974584736,0.0,1.0765574072852386,0.9376885359789574,1.0845293326460494,0.9670922830613911,0.037726159616309374,-0.21390091022761132,-0.0035142750276073997,826477406
15,False,final_error_limit,5,0.16131790930778558,0.13120372830282867,0.2540654576983748,0.1453489227756759,0.12650042414290494,0.0,1.0549964487995211,0.9344952138974368,0.9206275463692711,0.9266944602475669,0.21004292924261303,0.2440665927307819,0.07989675488611048,1429588504
16,True,none,5,0.13790167995759184,0.09977179234336202,0.06551223478551595,0.11795576174335821,0.12229167383626344,0.04998750312421895,0.9116158249189316,1.0776101546488783,1.0210787837000368,1.0857314774994373,-0.22946127273477257,0.17036724575108664,0.041417352066461716,856073785
17,True,none,5,0.1823134976180865,0.15880432246807719,0.12300157636305462,0.15087642878289065,0.12149027769876578,0.0,0.9869621828596943,0.916148891406539,1.0646734403567706,1.071076673251584,0.11576340369180982,-0.3076605551895946,0.02778936172643498,959843959
18,True,none,5,0.16889514514352982,0.12764877779434414,0.1315978875859155,0.1307081753865219,0.11952002237289666,0.0,1.0845461581682874,0.9112316926722054,1.0564971563732906,0.9784788157737918,-0.210136290723557,0.31197192156138387,0.15193193433332924,52478575
19,True,none,5,0.13095062518747458,0.1003269729745413,0.18690500880329178,0.1160412078087659,0.11935930883281635,0.0,1.0483558452057664,0.9782241004012951,1.001050233622335,1.0758830537946957,-0.24284859069372108,0.3487926360297954,-0.02015593375396066,276523276
20,True,none,5,0.13608901904012644,0.10914386574270406,0.1381699117824175,0.11703137495529979,0.11558002370661503,0.024993751562109475,1.0180833693704978,0.9327649255922691,1.081291139993445,1.0959839326004395,-0.3404227663518572,0.04101121265578339,0.016226092664358954,1462361907
21,True,none,5,0.15617535066951121,0.11850476489650245,0.018191865463381442,0.12731574121014935,0.1249508534037866,0.0,1.0339810379721517,0.9843044693479158,1.0607312125698853,1.035250963753394,-0.11756727626455568,-0.26199838377645107,-0.0953612697051196,1915588749
22,True,none,5,0.15498408633348032,0.10908200296624851,0.07006842138688806,0.14860540780788395,0.11683560404372864,0.0,1.0708264314440392,0.9817155001626738,1.0850482495556077,1.0468998954493867,-0.10661547401529145,-0.11720316772195857,0.09281861282645443,176829291
23,True,none,5,0.15654774651055983,0.134140894682356,0.14867056685458988,0.13678382344597945,0.11313592335219493,0.0,0.9642078301749204,0.9944053960760265,1.0111339299887119,1.0409684059052084,-0.299339619432774,-0.15464674749982585,0.13791712961147906,1188641876
24,True,none,5,0.12761651481176967,0.10029409739939843,0.11185800445404516,0.11355139154124537,0.12309758338014126,0.0,0.9334284850120502,0.9038915796844468,1.0881596714523796,0.9704821248032721,-0.3099389196232359,0.14994249976895857,-0.16994339197305583,1966562162
25,True,none,5,0.12369708933496276,0.10549307597926338,0.20729046420704278,0.11085876345957327,0.12334585315330389,0.0,1.0555231621053363,0.9800893913517378,0.9612030719262764,0.9930513084360972,0.18666746865842632,-8.02951600048507e-06,0.12287475853663765,1712858364
26,True,none,5,0.15963692347255926,0.12549524374245233,0.16784845202681234,0.14379650688608914,0.11894214137132024,0.0,1.0421782233574812,1.050209016912487,1.0724652535866435,0.9327927679806197,-0.26420741701347544,0.2688256081364474,0.13181897378306418,1201032230
27,True,none,5,0.09205485435383763,0.07523651311229522,0.10367296123871951,0.10789010594068732,0.11664780125919498,0.0,1.002218106263038,0.9299638161685511,1.0874958146822156,0.959708487995285,-0.18187240326139875,-0.18371840447112459,-0.12469329460508578,1326558914
28,True,none,5,0.17972103960197233,0.15612671306581408,0.1369462292729186,0.13504059005780156,0.12021382260600116,0.0,1.0565432289075036,0.9763593700257043,0.9919171149650634,0.9756930134279844,0.1319994206742029,-0.247318567296043,0.04713614785604059,933664490
29,True,none,5,0.10793777822929436,0.09285530174792797,0.08070252018326252,0.11589812957532229,0.12065832933594273,0.0,1.0004924159118354,1.0452016470147247,1.0119511542092887,0.9639354997206656,-0.24926587167084807,0.020328568913462575,0.07915361849955649,702194564
30,True,none,5,0.14554462616912373,0.10776502566066633,0.1041117606687291,0.13852176719873074,0.11698612308293327,0.0,1.0219879461257468,0.9014187015483852,1.0817926666573654,1.0675563760067657,-0.1442967973517632,0.15233068409991857,-0.051314813478486015,1673761741
31,True,none,5,0.11292542083886119,0.10399060739999344,0.05774383181465221,0.13149735084513003,0.1176866542822788,0.0,1.082859596966393,0.9741149681259827,0.922136695259255,0.9530099957280597,0.12916105160104047,0.08378651169880241,-0.1667588613510505,1802892445
32,True,none,5,0.11510409071284712,0.09960012602127323,0.13261867046714632,0.11788926632001953,0.1189016795289961,0.024993751562109475,0.9021338618263213,0.9428010787917255,1.0493532983070948,0.9496069601214548,0.12418495675511715,-0.16667776775483056,0.11724964346299888,1659823867
33,True,none,5,0.1684302800046357,0.13179067544201384,0.1566550845351463,0.13504545909670948,0.12025465615291642,0.0,0.9127088522116195,1.0997362847052339,1.033735539692728,1.0368777146327903,-0.1214850895770028,0.13056195758360473,0.07590166469174231,1676629854
34,True,none,5,0.1693549445923855,0.14289511618247622,0.2216721917029405,0.14596540383376402,0.11719008269651385,0.024993751562109475,1.001571464128451,1.0029060169981172,1.0137138806134158,0.9490051113369719,-0.2313589960510964,0.034470294078490504,0.08109656184938452,1553279087
35,True,none,5,0.19123390079738167,0.15349942920695814,0.06695567620172727,0.162475446744206,0.12065415189734283,0.0,0.9579932410419639,0.928915756078435,1.0820959182369263,1.0414631282211089,0.28635888414748245,-0.18609203130131435,-0.05999856454677242,467503033
36,True,none,5,0.15208112130756324,0.12578698188163223,0.11934545866732832,0.11198744990645348,0.11490190941637565,0.024993751562109475,0.9221743458621571,0.9575024202174054,0.9002738910732762,0.9505334391348776,-0.03975460343722442,0.3207456354603071,-0.0686959665913997,1910135844
37,True,none,5,0.17547873489693389,0.1377025786264763,0.14005648893074432,0.13229219866945494,0.12364428596591727,0.0,0.9240551755112552,1.0696517924095619,1.0823185263896475,0.9626633001621828,0.21546784948241382,0.014480241750568001,0.17274122492915706,1471347022
38,True,none,5,0.1353915012026655,0.07599670265112696,0.1596330357664722,0.1003628371068081,0.12234493926879905,0.0,1.0972384502304326,0.948245906883884,1.05553508788367,0.963186984018893,-0.1131374535215183,-0.025727597770133948,-0.13841222492912195,288558661
39,True,none,5,0.15315522817594285,0.11556644699202652,0.18841018976961726,0.13404677901542916,0.12260791337646285,0.0,1.0931155046641947,0.983232864126329,0.907348362665912,1.0418096277187219,-0.013030124034256962,0.057741889951169745,-0.07249558309755261,1766786452
40,True,none,5,0.19371584620591092,0.12286429813173023,0.1670982949984605,0.14545109548504764,0.1188172081744261,0.0,1.0832860189455802,1.0896780778138648,1.031495556070966,0.9283859284314038,0.19699578076237356,0.13547368593496134,0.05264890384997964,206953732
41,True,none,5,0.20619334212953438,0.15383543164845032,0.2434359383049064,0.12890262486977352,0.11888218159649132,0.0,1.0812825168623965,1.0474184467880598,1.0877975295006754,1.078375667452303,-0.2589770983712192,0.3126320714436205,-0.016437292355285765,1442015972
42,True,none,5,0.1697289873158794,0.11863524877881924,0.154867542752293,0.13823254262868703,0.11636503627704832,0.024993751562109475,1.061252545521395,1.0875419765974252,0.9096014020335282,1.0121132977994607,-0.17568107671684857,-0.011920256401124874,0.16330556862599382,1502207314
43,True,none,5,0.2045777901554869,0.1434758361715081,0.14557660248560647,0.13381351115551604,0.1168202475727397,0.0,1.0980432506841185,1.0050556728711226,0.9795707470873662,0.9845251993379808,-0.27094933029715573,0.06836410456687131,0.1435811448173408,1552519197
44,True,none,5,0.16865382370604207,0.14268223521521298,0.1030628741152044,0.1308781213767139,0.12080063637717096,0.0,0.9338564387074643,0.9522503915108074,1.0804718704822385,1.084196317885291,0.21996573515394557,-0.33553861846254424,-0.0815251561744062,983944077
45,True,none,5,0.13650062607874325,0.09917103284888842,0.05735081077907647,0.12563244199087722,0.1178965908380742,0.0,1.0628208119478408,1.094051717087523,1.0684697356311614,0.9816948012039836,-0.2421705225673395,0.20708179663077142,-0.006007614399085398,158818473
46,True,none,5,0.14241355518984886,0.11837068445092432,0.06339535155627218,0.1359352462052635,0.12078646532537145,0.0,0.9458501171582215,1.0251054104588728,1.051117328193534,1.0455061850008216,0.01002886028690636,-0.029840580026027852,-0.1082397199731613,982312105
47,True,none,5,0.12867654841603973,0.09314665976504138,0.21473303895387863,0.1254598306419566,0.1206885429322092,0.0,1.0729660505028988,1.0321543368613968,0.9247822743085584,0.9914282395390853,-0.1584578373588181,-0.004712787530016915,-0.011923860529782171,1516000808
48,True,none,5,0.1683348617288639,0.08874306047192526,0.1914649280731111,0.13445771692765515,0.12312554900798867,0.0,1.0936309664502974,0.9707841223953422,0.9726015676497662,0.9963659864700052,-0.1975548524664018,0.11370153851866022,-0.021535105327464138,1161262197
49,True,none,5,0.16707023207715926,0.13413489560405523,0.11881126547447372,0.12979266935373415,0.12332147338553927,0.0,0.9184425516263092,0.9312657447981855,0.9194147557778629,0.9082685309017889,-0.2876365146175862,-0.19759588348506368,-0.004556829515838995,857740268
50,True,none,5,0.13422636040573244,0.10488429823127358,0.21113825852952584,0.13205017722010257,0.11962883104658231,0.0,1.0023158492750381,0.900927167305541,1.0612073981548884,0.9732140095628611,-0.19892841359014796,-0.24414718056885035,0.08155487760080188,1528189483
51,True,none,5,0.160632694279147,0.11466203589704836,0.09715621229259845,0.12117918251504628,0.1161171754958828,0.0,1.0703134276158546,1.063336473047981,0.907002630515771,1.0703977779213327,0.13150428979766215,-0.2914184361203449,0.14873250745491873,1441086625
52,True,none,5,0.1692764703101281,0.12100207380924369,0.13505564953272803,0.12801173267042978,0.11812571198067312,0.024993751562109475,1.0945099548679662,0.9070134981991671,1.0988364722402266,0.918443193416012,-0.2889058252131437,-0.3062033249570271,-0.07738512924463355,1392325341
53,True,none,5,0.17676743302852854,0.1632356113608882,0.17335329409337463,0.14445594457225205,0.11825619777710969,0.0,1.051187275616179,0.9415143989203967,0.9754842544956319,0.935200788498782,0.05899083574822045,-0.2252008557527752,-0.07833510778358944,948750999
54,True,none,5,0.14398650252239545,0.12287342262024725,0.026378760755644125,0.12310131354835907,0.11766264060349686,0.0,1.0620352988360195,0.9817990707705436,0.9445521699696391,1.0998464765815585,-0.26549176620004084,0.07399290919260976,0.10275333180328172,416908020
55,True,none,5,0.1264615577115801,0.09568665725965037,0.15858405163389808,0.13522072379930727,0.12026098597145539,0.0,1.0316268002166642,1.0615296849797888,0.952456637950395,0.9852640725383481,-0.3246110502848108,0.062362785197111026,0.07160791995180299,1200817720
56,True,none,5,0.1386478662932092,0.12174289931585588,0.07743698134838468,0.11539459599382783,0.1189092588501116,0.0,0.9858231233551076,1.0640748441141619,1.015115934425134,1.096444647254409,-0.33128275153787257,-0.21351517929402047,0.1372264566694648,1719875099
57,True,none,5,0.1219604723514517,0.0941243925009154,0.09688183921949373,0.1188412604146505,0.12496320421719628,0.024993751562109475,0.9806026025998231,1.0702338044015902,1.080974068816185,0.9457083492374855,0.13098530964131955,-0.05877117573620466,0.03312201529836539,1214615070
58,False,final_error_limit,5,0.24339602895775525,0.1941720904684673,0.25364600882310817,0.152227383280103,0.12270363730942994,0.0,0.9089584985981956,1.0182342095894814,0.9050033673506541,1.0668585755259898,0.1815921079766889,0.17716527617410027,-0.0945304984688228,995727432
59,True,none,5,0.13758124796370336,0.1221557247024052,0.10156182052675887,0.13130613784152423,0.11875169861147454,0.0,0.9185524748289906,1.0354274156080108,1.0375282362496585,1.0403043145056277,-0.2430378253070238,0.04177678442657168,-0.1278148321210282,490352408
60,True,none,5,0.1303462200321673,0.09885585837841931,0.044419595766028,0.12160916449628252,0.11844316727678857,0.0,1.0335850901498171,0.9496034036171761,0.9336652718826157,0.9719466922064073,0.32463835054585277,0.21188386412121396,0.14861320006813644,1924523511
61,True,none,5,0.12527324349997024,0.10738837387075131,0.10692864276836815,0.13880556744537048,0.12149124988713578,0.024993751562109475,0.9326258347406844,0.9468897760102076,1.050580259772851,1.046914753517665,-0.08703182664364256,-0.08502516283443079,-0.09977905333674725,84235273
62,True,none,5,0.14427909690525534,0.11700117207993202,0.20194654589054156,0.1321140307948096,0.11881439889330751,0.0,1.0140643544924788,1.0713613485640203,0.9538242257129135,0.9100757736570463,0.11771055877613357,-0.2442162275111942,-0.08205261562231927,804761445
63,True,none,5,0.1256967147881175,0.11354987508197041,0.10736023722218857,0.1254638446884668,0.11862450613683008,0.024993751562109475,1.0547864384969248,1.0060122668978626,0.97379119541939,1.0340438812050303,0.06985765485639694,-0.01110070274092917,0.01578384510986916,89961310
64,True,none,5,0.1835083437751069,0.12450682188078467,0.1982383539471469,0.1426619114464576,0.12481812034943769,0.0,1.0561712533587428,0.9101791363527865,1.060178898105095,0.9474044613475324,0.15591128164017565,0.0791478239445475,-0.14802946365405262,589965337
65,True,none,5,0.17501674570391046,0.14114670045132469,0.13433075313008655,0.12808765061852248,0.11634370169918296,0.0,0.9271863190052059,1.0012807648365953,0.9728797669975713,1.058643287445354,-0.08098931056447095,-0.082211719661272,-0.02044014019203691,1636738587
66,True,none,5,0.13018165031598108,0.10556909424165113,0.14123572520925728,0.11303979184410493,0.11467338452620049,0.0,0.9651300397675835,0.9922122025638449,1.0073157765074818,1.0706288022257513,0.21797847958437166,0.10571140035531079,-0.028372211686872012,1849487922
67,True,none,5,0.15498808507062226,0.12692362583125505,0.03800499855058663,0.1357941700249169,0.12735120410474235,0.0,1.0689047621584757,1.0069847449468126,1.0215124643385851,1.0584985346395481,0.16154941899375086,0.25733080156584753,0.15327598203244608,319697837
68,True,none,5,0.10579558252585437,0.08966044442018077,0.13241870847908876,0.10368103434924332,0.11283412061820856,0.0,1.0578953869416479,1.0291345138066323,1.0325532436578786,0.993119713978493,-0.059471116121487255,0.10563764982977986,-0.010205498746505615,1289685723
69,True,none,5,0.12473505870329013,0.09520113254027819,0.14087208664663864,0.13479572209211094,0.11600296326232801,0.024993751562109475,1.0651433495691878,0.952828337408872,0.9695251642165691,1.0083705021821505,0.3007321023118402,0.14086405449125333,-0.11633674275095703,1243801759
70,True,none,5,0.18230242344608502,0.16266707696049146,0.17543064692722968,0.14842135747654495,0.1211010947796045,0.0,0.9999096805038544,0.9238572002283217,1.0004168104176452,0.9743344492987173,-0.004318888353226857,-0.1802652754975482,-0.060339983116930604,854930733
71,True,none,5,0.18178833303305433,0.1536176496633839,0.1419165031064338,0.14255079541920296,0.11821293952945706,0.0,0.9020199322145394,1.0352461875307213,0.971812897271252,0.9469243674516408,0.2785781680351046,0.15950701525174538,0.09075359975237562,1953758505
72,True,none,5,0.1508980409379564,0.12586501015077348,0.12724934410349056,0.1275641172144063,0.1213238123991831,0.0,1.0248217509875344,0.9084154879160969,0.9786935351112517,0.9124672981148713,0.27636582780011165,-0.22950798464069266,0.11862867524479487,9769921
73,True,none,5,0.1306276263990477,0.10035622521754443,0.08306844927544456,0.11350481185941716,0.11696852697333637,0.0,1.0575359089410825,1.075212143706406,0.9343650575176689,1.0057027488923027,-0.2827753291023533,-0.125933529872806,-0.12145762464922791,1129326889
74,True,none,5,0.17326632027052352,0.14394361970400216,0.06891842973884313,0.15225271260954493,0.11788391570574404,0.0,0.9700475615847205,0.9709112125062219,0.9911142962915791,1.0103921684265762,0.23485812662355732,0.2560133097865953,0.0928988598212298,1135178345
75,True,none,5,0.1863066334015274,0.1340887998246265,0.12233824877849485,0.15760208153946353,0.12361269943528731,0.0,1.083176368141147,0.9871355200922366,0.9833647929103964,1.0839651974596463,0.18965331615748138,0.002639477263696177,0.11981179764326116,459698059
76,True,none,5,0.16919470407266754,0.14631785894478358,0.09666563158240261,0.14926808707084918,0.12017803420687748,0.0,1.032507170481003,0.9199713009255986,0.992940267965102,0.9035725777316881,0.32500152921929404,0.016174187845237553,-0.005639469267713859,987758640
77,True,none,5,0.15989816427454107,0.1350344768851127,0.14909003177549415,0.13660070676784755,0.12083643626131309,0.0,1.0419343016908629,0.9187348212203894,1.0379528789037762,0.926082594663212,0.17577708878141962,0.1304238408003524,-0.09691203072239056,848278058
78,True,none,5,0.19280500488372387,0.15013022032750836,0.04072065947410808,0.14573358043506127,0.12122780691221882,0.0,0.9057930489965305,1.0258570255605597,0.9487883057207338,1.0017355635888199,-0.3207736788306418,0.29619737797573886,-0.09858134496530714,1133347687
79,True,none,5,0.20610322797452083,0.17175966846460905,0.16246757107184237,0.16067892172364265,0.12256291829537914,0.0,0.9099588602288489,1.083970259097291,1.0852160286575454,0.99661770494733,0.2763675195793899,-0.161771004261919,0.029181123960806327,1600869588
80,True,none,5,0.14805266848220225,0.12258013360283117,0.14651637107960672,0.12007781749157474,0.12101963035531109,0.0,1.0280136275794738,0.9052615999248224,1.078001886340304,0.9453442217883437,0.07461035886766143,-0.20760739336182146,0.16086122234451372,186639256
81,True,none,5,0.16283448383984664,0.13244413769317087,0.1368355501554453,0.12324853195085154,0.123569828221558,0.024993751562109475,1.0669463974339402,0.9712127129943765,1.04267794650992,1.0387727072716018,0.22851392299290296,0.06572884239516452,-0.13895221227646992,1842934178
82,True,none,5,0.17366579097734597,0.1446559649668775,0.044144077433857905,0.1600531244953409,0.12113077211404392,0.0,0.9861123811892897,1.0455559985377618,0.9660630338115636,0.9565514342060657,-0.16781798481655005,-0.04891110238256391,-0.1430014824170107,816956105
83,True,none,5,0.12086100992742031,0.09197639448351029,0.12683695574224788,0.11476643911699047,0.12000966782273088,0.024993751562109475,1.083448763340888,0.9464459050119551,0.9289682868185594,0.9415110622924717,-0.263923843817067,-0.23734344003458976,-0.11387115375025259,1277739111
84,True,none,5,0.14593483154403974,0.11431463626909132,0.08101148798195006,0.14658055410206572,0.11821710435385563,0.0,1.0082397840285748,0.9101718763239641,0.9594922885394501,1.0763330094298507,-0.33715568287775355,-0.211532254029203,-0.10039253136472895,1796831446
85,True,none,5,0.13269875234161677,0.11737600742216239,0.1665620670313555,0.13050098176828331,0.11876135637522706,0.0,0.953584361773194,0.9558732786170042,1.018888956331044,1.0865728921986684,0.02156603154587433,0.32364367811897676,0.03956917194928042,2084454592
86,True,none,5,0.1757041264028547,0.1453024237256908,0.05466317221652305,0.14409981167354383,0.11979248527223076,0.0,0.997034809138603,1.0603547381594713,0.944045843086756,0.9813790350229364,-0.19339383434043209,0.07242946294352742,0.15615853737857827,172285762
87,True,none,5,0.1428012676917396,0.10591525771720492,0.17270531522373042,0.11516558829895464,0.12286559557472562,0.0,0.9255623756517993,0.9665657246552145,0.9940617403800164,1.0187397920661756,0.14749105614323038,0.3265331520565129,0.06566859954142953,120145579
88,True,none,5,0.19639287741300246,0.14784061350896474,0.15929658724875645,0.16739942742881497,0.1203249075426335,0.0,0.9125468867680671,1.0607816227278728,0.9261675562170012,1.0803814340292042,0.2915599492912483,0.14814958898066022,-0.01825787263762202,1712711196
89,True,none,5,0.16638433967400126,0.13687797720680014,0.15129283182180903,0.1153103241401163,0.11863938881331432,0.0,0.9313419363100658,0.9777678387330477,0.9101074130705628,1.0885728274941269,-0.32422909287353224,0.31759976269296863,0.02289656596158199,1667791413
90,True,none,5,0.12204506419335545,0.10937846819772144,0.21397378641792486,0.11780714892891506,0.12107141663573052,0.0,1.0319805619742222,0.9215882226217469,0.9316655148966404,1.0858979887814055,0.24374446448562992,-0.25732817516460504,0.09830754702937428,1629785497
91,True,none,5,0.1285851184447327,0.10945319855314485,0.17475616099897656,0.1296276827280278,0.11622800244580442,0.0,1.0586393382866204,0.9579706692292749,0.9964836193265346,1.0548626760539808,-0.2688903060601097,-0.28222805572081494,0.04745802026717241,926513764
92,True,none,5,0.15085235460305788,0.1339936224046306,0.07535657774843556,0.13490756045742577,0.11468900920148585,0.0,1.0004508658073568,0.9701671360090462,1.0389201467893365,1.0748028495006752,-0.1163572659206045,-0.04285851745264402,-0.1374733485418425,1936257738
93,True,none,5,0.17280177005893524,0.15106778113132505,0.18122344188754275,0.1319014061534637,0.1149969556943845,0.0,0.9204126064022919,1.0889432792072018,0.9664609429873278,0.9934589175830881,-0.03974916879837681,-0.13249448508868134,0.05292022852015765,770151643
94,True,none,5,0.15275129887310834,0.12487266867129952,0.21395769156473438,0.13863542373282126,0.11866311273084838,0.0,1.0338002593247855,1.0559162817525465,1.0557278668146743,1.0819448244377927,0.15088203985504745,-0.02726602784408183,-0.12376707140392368,791812183
95,False,final_error_limit,5,0.1455316057139977,0.12128463339928512,0.2655354861442088,0.1268244932570555,0.12308700578521765,0.0,1.0136631493429513,0.9886055305478941,0.9837860154672032,1.036950571193371,-0.13050414680764702,-0.09021525430788124,0.10277575516517884,1322584615
96,True,none,5,0.1198963965207484,0.08917650039751458,0.12774916725014304,0.09683600770501859,0.1170534959397932,0.0,1.0926087792349712,0.961702644554779,1.0065814994929208,0.9750583810019504,0.29016709359584514,-0.2694377533294414,0.02192986086657997,517093624
97,True,none,5,0.1454908876244755,0.10322514458337723,0.10329544809248226,0.13334020692549575,0.1203975570968684,0.0,1.0411375644513887,0.9051484141175772,1.0899829348875283,1.0344365823958814,0.05595674135765766,0.313668490887156,0.026622047046619385,1592746578
98,True,none,5,0.15176156800003113,0.11304981551326762,0.1325080925649223,0.12594789256769612,0.11623452333561739,0.0,0.9795387220618671,0.9433776189495522,0.9267261765708558,1.0111840098193747,0.2081031119540755,-0.1684471350685782,-0.07328988234403573,643339514
99,True,none,5,0.12282693016539235,0.11140201428549995,0.01774792977490899,0.11008237926884457,0.12170188070165379,0.0,1.0325573604493428,1.0689481324406653,0.984537748687135,0.9097790648449948,0.1409767041154073,-0.18434028539179867,0.1381278279305096,1291028357
100,True,none,5,0.15401033990243151,0.13381126913131905,0.07102196525664574,0.14015945020864315,0.11597805215667369,0.024993751562109475,0.9368057691491958,0.9162329947478357,1.0283753858052114,1.0410634656417501,0.043043745102816444,-0.2924652637463028,0.02993148888811789,69050722
