case,seed,mission_success,performance_pass,waypoints_reached,trajectory_rmse_m,cross_track_rmse_m,cross_track_max_m,final_error_m,ekf_position_rmse_m,ekf_velocity_rmse_mps,roll_tracking_rmse_deg,pitch_tracking_rmse_deg,yaw_tracking_rmse_deg,thrust_saturation_pct,torque_saturation_pct,failure_reason
1,1000,True,True,5,0.026912610289039705,0.01993753517143629,0.04266206141210547,0.03394710633556128,0.01889170206139779,0.03808318877386044,0.911591663159422,0.96381713334385,0.2735603722911684,0.0,0.0,none
2,1001,True,True,5,0.026511346234504407,0.021829910759154525,0.04749751336275623,0.01894347451419563,0.01828296635843508,0.03804144502572128,0.9192499356808672,1.0069494026485433,0.4156338589186543,0.0,0.0,none
3,1002,True,True,5,0.025735620809971722,0.019062837407205494,0.040834625447326516,0.03728479505571527,0.018230518219482388,0.03823800094873143,0.8936604353689122,0.9912721042484861,0.46084041099177564,0.0,0.0,none
4,1003,True,True,5,0.026581855174668125,0.021073088602142496,0.06118669835488116,0.02445297662217666,0.017488653271839627,0.03864184022958949,0.9158917539226199,0.9307955891461654,0.7924295828535013,0.0,0.0,none
5,1004,True,True,5,0.024738017819312355,0.0187481086950609,0.03797837080807987,0.015758771577829376,0.01811013978088467,0.036798906717266974,0.8997911721486461,0.8803388528434998,0.964661055135372,0.0,0.0,none
6,1005,True,True,5,0.022810767519526487,0.015352584371655079,0.04505669340708569,0.027510865261322463,0.017523544180620156,0.035069514680311185,0.8588169352361041,0.8873070574247863,0.37373025018862854,0.0,0.0,none
7,1006,True,True,5,0.02387251710432946,0.017852838907741888,0.04207826594779064,0.024775614460278258,0.017418308147419365,0.03869313025040516,0.937351717651239,0.9801888652180236,0.6414876663877409,0.0,0.024993751562109475,none
8,1007,True,True,5,0.026484384728000982,0.021013530651822456,0.055534825936546045,0.02231633722584288,0.018768128958437855,0.03851239836965921,0.8563401450015801,0.9839212817440919,1.8204078183172359,0.0,0.0,none
9,1008,True,True,5,0.02801081400675882,0.022237227527040333,0.045649226568754496,0.016300104162228563,0.018410543082355315,0.03829879362160332,0.9226910234376046,0.9707417242399426,0.6061021486830483,0.0,0.0,none
10,1009,True,True,5,0.02651993386589105,0.019576541982121033,0.05376612614301184,0.024055383533332843,0.01848249024535339,0.03893704701893007,0.946307385408995,0.9296466812081257,0.5141120380243147,0.0,0.0,none
11,1010,True,True,5,0.027603505553699826,0.023263800345526393,0.05466286984076768,0.028192310791028994,0.017740835003279887,0.03678199959189605,0.9270674605852043,0.878069293805612,0.39154253399482025,0.0,0.0,none
12,1011,True,True,5,0.026228684243463918,0.018647565211355865,0.04279574451115124,0.016041338346380184,0.018636269992050397,0.04079811970939286,0.9787586411692337,1.0019591982797238,0.5657774944136132,0.0,0.0,none
13,1012,True,True,5,0.026798913149367425,0.020654708628085758,0.049638436969128986,0.03545950893612876,0.018392874498694003,0.039373437698864,0.9482959604402625,1.012214074599566,1.2964776339332387,0.0,0.0,none
14,1013,True,True,5,0.030500974698495633,0.02099359410352811,0.04159838174950136,0.012633759400800113,0.019751683183549678,0.04072205231697575,0.9583490979742173,1.1211287812908735,0.7198926501115909,0.0,0.0,none
15,1014,True,True,5,0.02636900484310213,0.02162016130129567,0.04359079975440805,0.016438874244795038,0.017643284471539695,0.03773551138653226,0.9276647491238553,0.8694100960981511,0.5737852765319318,0.0,0.0,none
16,1015,True,True,5,0.024902481610249452,0.01912885956742413,0.04685494695566056,0.018408945786931134,0.018902103229181306,0.03840465609674826,1.0366578670484417,0.9037836863334304,0.7886360539620662,0.0,0.0,none
17,1016,True,True,5,0.029195118829332227,0.024158579997238146,0.05684457455919536,0.03666607181585959,0.019687435672490355,0.04023626478038369,0.9738306585650875,0.9850936219939631,1.2710641922029733,0.0,0.0,none
18,1017,True,True,5,0.030381587115796096,0.024744793368721745,0.05455847853174591,0.023362089269267722,0.018890207975017982,0.040948436400714446,0.9800808041950578,1.0065795227484557,0.33517922245663484,0.0,0.0,none
19,1018,True,True,5,0.026976789397677232,0.021216432052139522,0.05657098558003696,0.013183787928216483,0.017788232990981524,0.03793119706211795,0.9551082200878345,0.9359890491850789,0.7511709642232346,0.0,0.0,none
20,1019,True,True,5,0.02460640222794747,0.02119847800669142,0.051848107946832006,0.03090449476087633,0.017777271646202804,0.03746322250402518,0.9694342405260498,0.9598089481632227,0.33885676227238026,0.0,0.0,none
21,1020,True,True,5,0.026265500016654918,0.0208104856352705,0.057034827073487504,0.02406966405526961,0.017993012701977684,0.037568023609808536,0.8741903564023854,0.8263841315187053,0.35369602933255384,0.0,0.0,none
22,1021,True,True,5,0.0291888867783157,0.02168641369103958,0.05411587353453794,0.01943859589639111,0.018236849110426407,0.0392892181125815,0.885399653067698,0.9359584878651971,1.4073682530205025,0.0,0.0,none
23,1022,True,True,5,0.02600625128694549,0.020756836362934544,0.043925303014188975,0.023249527908234046,0.018361354819340484,0.03816887212899387,0.8026566554603526,0.9985606950489722,0.7944048236605183,0.0,0.0,none
24,1023,True,True,5,0.025743610760112227,0.020084447730002158,0.05216054656255296,0.026416081374023136,0.017215669645104573,0.03796271195986706,0.960640948070914,1.023291359867122,1.4577765443921882,0.0,0.0,none
25,1024,True,True,5,0.02578590520614839,0.020064284912351554,0.052796021153532394,0.02741128277082821,0.01796270956438464,0.03753886434898367,0.9513260633193793,0.874061408573698,1.3672754707312749,0.0,0.0,none
26,1025,True,True,5,0.02486281712268229,0.019189127139122224,0.0430031488296846,0.008586579187889477,0.01771834006967953,0.037279807254189994,0.974661785794681,0.957274102643099,0.2909379116730625,0.0,0.0,none
27,1026,True,True,5,0.025346991640748877,0.020192035563423322,0.04306649307835367,0.017077513725130642,0.01827493439041094,0.03743351153905587,0.870357109598784,0.9660087782678363,0.8557936595470166,0.0,0.0,none
28,1027,True,True,5,0.02337935506413028,0.01623465433990272,0.04028288349178638,0.029442572623208478,0.017957757577569813,0.038567822423114295,0.9394503660277631,1.0062290970319194,1.2012010894340592,0.0,0.0,none
29,1028,True,True,5,0.027299444590845684,0.02203510302318241,0.05294609299363045,0.006809580805490601,0.018536764516123155,0.03970846773741479,0.9294362745639078,0.8836596057251008,1.6171507280295447,0.0,0.0,none
30,1029,True,True,5,0.027160837043785354,0.02153752618024782,0.04339393310614827,0.03494011368125168,0.018765323677906825,0.03899749499322766,0.8638706497901776,1.0079214626334416,0.684047378516915,0.0,0.0,none
31,1030,True,True,5,0.024139188230120776,0.01992111916262963,0.05191877260651646,0.013208141428704613,0.017923484061861228,0.03840829663487677,0.9026594023979182,1.028014672687573,0.3999263933787022,0.0,0.0,none
32,1031,True,True,5,0.02832766990783793,0.022734896137979587,0.05369423551317932,0.028896684537136615,0.01931318683322269,0.04187580035288268,1.0273588387376222,1.022473862935899,0.6813980979857993,0.0,0.0,none
33,1032,True,True,5,0.029433820134679496,0.02298679513187263,0.059255186605065846,0.008898480473688242,0.018986840944053573,0.03900969612975968,0.9843459314968451,0.9179492335996127,1.9838835891528313,0.0,0.024993751562109475,none
34,1033,True,True,5,0.02629455241842342,0.02136248796785554,0.050622863902680365,0.022014772776219563,0.01795633339095802,0.038083621071201716,0.901759821892351,1.0213018729064989,0.4877019142900105,0.0,0.024993751562109475,none
35,1034,True,True,5,0.02648095469627919,0.01903894580722883,0.057049569615628036,0.02960525510934084,0.018030454442646764,0.040036099428091707,0.958018396429482,0.9806390576631496,1.3132296597575654,0.0,0.0,none
36,1035,True,True,5,0.023553240844252712,0.017512587828456463,0.03851037143022672,0.018461920754604913,0.017743072576466623,0.03802292362009677,0.9689936331689057,0.9557253454055982,0.23049974813414703,0.0,0.0,none
37,1036,True,False,5,0.025905481986688322,0.021517220508562862,0.05179889532609845,0.05024414476297152,0.017972716225035348,0.03814057414343716,0.9112451973025628,0.9047317342091129,0.5394375938035096,0.0,0.0,final_error_limit
38,1037,True,True,5,0.025906515728019205,0.020346086830670358,0.04959999351314298,0.044660384120970474,0.018146699944790498,0.04010728367669393,0.9504586846447678,0.9099399148307141,0.5521580496035853,0.0,0.0,none
39,1038,True,True,5,0.02672667856091003,0.01931300501335425,0.04019394467074101,0.02522677546065891,0.018083036346155712,0.039561134344894985,1.0468910674321563,0.9939379377508856,0.4992115009032432,0.0,0.0,none
40,1039,True,True,5,0.02472594360590856,0.019769755104528566,0.04514775328469254,0.03252785601564265,0.018025750623754357,0.03871024005577218,0.9482250369998336,0.9057126752328274,0.8217985056320738,0.0,0.0,none
41,1040,True,True,5,0.027475297569825165,0.021818652089032494,0.05103063521592299,0.029970114039944082,0.018619455487069322,0.038704236172407494,0.9613738275930303,0.964951979508384,1.433061527194382,0.0,0.0,none
42,1041,True,True,5,0.02556884969514532,0.020344087829157666,0.047319643918442254,0.022684393252284458,0.01818829531151053,0.03796308262559662,0.9592514569936159,0.9336334473313913,0.6714680442801785,0.0,0.0,none
43,1042,True,True,5,0.024694116757311053,0.018347605711940145,0.0434465811228539,0.025133225448309853,0.017148257692240473,0.03700683694078889,0.9081761693755855,0.878065737290475,2.4345121097208064,0.0,0.0,none
44,1043,True,True,5,0.022492260214001327,0.017255528971435754,0.03901082091906894,0.029730932565987238,0.01759001098629546,0.036982291879043894,0.9583061639210889,0.8968691220915326,0.9824306344170759,0.0,0.0,none
45,1044,True,True,5,0.024396888370203193,0.019861731398953572,0.04842857908267963,0.03671400696377391,0.017313603336052783,0.03632195649180382,0.8508232007577176,0.8752837061983829,0.8101890928530698,0.0,0.0,none
46,1045,True,True,5,0.02698123597178188,0.02185885213489445,0.058928126879849455,0.010338606548236838,0.018801086280040975,0.040606646046587,1.034094281341389,0.9887830855501922,0.8561498298884301,0.0,0.024993751562109475,none
47,1046,True,True,5,0.024748354031762454,0.019126776862004504,0.04502179765543437,0.024795937379206996,0.01774925862542014,0.03632351550970676,0.9335072612861502,0.8987249546291882,1.044697181389462,0.0,0.0,none
48,1047,True,True,5,0.02592705459285587,0.0210940659842204,0.04046362905214209,0.02943238362993576,0.01839634540812411,0.0378676877884033,1.007925921001796,0.9803573914897364,0.5283918936590337,0.0,0.0,none
49,1048,True,True,5,0.028001683924267516,0.02169899681151778,0.05244627228151834,0.02608362483075289,0.018925011788642622,0.03931086531094454,0.8805476035440651,0.9281366182283873,0.9895922159322826,0.0,0.0,none
50,1049,True,True,5,0.024989822134932987,0.0190881352971506,0.04672643018757999,0.021153412945985692,0.018429769791121042,0.039323423852814815,0.9601674892306177,0.9493959584663084,1.3082443567470041,0.0,0.0,none
51,1050,True,True,5,0.026498181431241705,0.02088473176091845,0.044993276270846816,0.01750005006196807,0.017784717341153534,0.03754236724895151,0.9548453637115836,0.9179710881473997,0.2708458567348086,0.0,0.0,none
52,1051,True,True,5,0.027798290561315227,0.020300299579864206,0.04320502939895973,0.0067180072398195815,0.018057519854338174,0.03822880145058696,0.9356347921965211,0.9132779214699749,0.4023127374612607,0.0,0.04998750312421895,none
53,1052,True,True,5,0.024915636210708473,0.019484693565230065,0.03952473273051049,0.03968499897340796,0.017976100701685867,0.03936537297875303,0.9362325659825661,0.9500186619514629,0.22571712423118342,0.0,0.0,none
54,1053,True,True,5,0.025135842548586262,0.02021962555469712,0.05548283229232358,0.012534329215978145,0.01845026603151019,0.038298376030597665,0.9472645652546116,0.9111480510654496,0.5181491462509394,0.0,0.0,none
55,1054,True,True,5,0.0267338453132725,0.02175124737098708,0.0577305896867004,0.0411020700151876,0.01868174818935793,0.037977517267190855,1.0251945424675268,0.8287336625157482,0.5259302256429806,0.0,0.0,none
56,1055,True,True,5,0.02404074034617738,0.018826426397637496,0.039179746233188525,0.008643758305962541,0.018234416933221132,0.037231467002805725,0.9472118255832545,0.9030949737769106,0.31369489354724345,0.0,0.0,none
57,1056,True,True,5,0.026995576144888678,0.02105208099969609,0.051020608549635506,0.018081365636516782,0.01743378432736679,0.0372680066316909,0.9445274666582123,0.9907859737415188,0.5825210318905949,0.0,0.0,none
58,1057,True,True,5,0.02637802737774076,0.02169293469713925,0.059368464034170496,0.007953832204800757,0.01878395062654891,0.03924227386957521,0.9255810448014292,0.9800347658872158,1.641193902990994,0.0,0.024993751562109475,none
59,1058,True,True,5,0.024374675250870483,0.02014277991241069,0.048290199517955774,0.015724343423772016,0.018085043296961065,0.037261768316475596,0.8717373027548676,0.9360998125752532,0.4322042977886805,0.0,0.0,none
60,1059,True,True,5,0.026440158168142658,0.020671872925415478,0.04897130720807636,0.02597277165374737,0.018364360953148275,0.03885123271799685,0.9139850986234453,0.9392218151368514,0.5788195532300171,0.0,0.0,none
61,1060,True,True,5,0.026154054953977275,0.022616409233216055,0.059114068641280076,0.02006748790135738,0.01852689303539181,0.03763344638508275,0.9157786270564086,0.898604877723694,1.4018447351104906,0.0,0.0,none
62,1061,True,True,5,0.028228555394142846,0.021327913763735756,0.05116482913369209,0.0310835764236345,0.01902031946828985,0.04082701626732686,0.846408066122255,0.9866519600855037,0.39474482732872196,0.0,0.0,none
63,1062,True,True,5,0.026113653563825442,0.02150964320553772,0.058182634813350016,0.022976647656911948,0.01880016320050259,0.04024195066785404,0.9502687013713156,1.048798322825558,0.2859574490398931,0.0,0.024993751562109475,none
64,1063,True,True,5,0.030101158949800595,0.02325084242649366,0.051530120143578065,0.04115381301212636,0.018418727004402526,0.03782382339985263,1.0172428551392523,0.954710267058058,0.2669994773502506,0.0,0.0,none
65,1064,True,True,5,0.029638461666858476,0.024668251927624653,0.05193199025734904,0.039768005194784926,0.018349845282781295,0.03761273714842991,0.934635930725247,0.9169224881330147,1.1817071498041871,0.0,0.0,none
66,1065,True,True,5,0.02879611559726506,0.02383687853992148,0.05342420300754222,0.030109185125687,0.019447627216226167,0.03852665955144023,0.9615098431319746,0.9266054035409508,1.0290306095845596,0.0,0.0,none
67,1066,True,True,5,0.02452960888152279,0.018193228813884323,0.04937330919583648,0.026817039335917007,0.01761619978046431,0.03674320151818451,0.912724587911287,0.9362212356658169,1.3028510057824791,0.0,0.0,none
68,1067,True,True,5,0.028601885987937985,0.02241643174733749,0.05282501811329563,0.04288836950096439,0.01872979854810835,0.040707096152173314,0.951534911637339,0.9376384446105966,0.479091333379918,0.0,0.0,none
69,1068,True,True,5,0.025697646738957625,0.021771993582145804,0.075105930020734,0.018477765864522933,0.01873023165857139,0.03722270361534412,0.7857501878284273,0.9625156995867385,0.4920352272760997,0.0,0.0,none
70,1069,True,True,5,0.03110153213992554,0.024218210333887744,0.051582682549007566,0.04322382074742788,0.019087158491177803,0.03991744627577077,0.8654605122898685,0.9648068901573496,0.4361185482838294,0.0,0.0,none
71,1070,True,True,5,0.027107269957490094,0.02162279868301963,0.053340321812407415,0.016285044130316735,0.01847498734010081,0.040227695369602814,1.097961224394521,0.8669747540089944,0.6155174546866234,0.0,0.0,none
72,1071,True,True,5,0.030373505989573044,0.02343820703846785,0.05842377799694389,0.02986777967474938,0.019675448935773377,0.041031541439136746,1.0487364613514951,0.9723640916881461,0.28403089566255785,0.0,0.0,none
73,1072,True,True,5,0.025970313531661925,0.016077223210621033,0.04939090783123412,0.01165931173657259,0.017742924933565267,0.03863973931824262,0.9268312621237864,0.9693205446646458,0.34571869284385104,0.0,0.0,none
74,1073,True,True,5,0.025136709455608888,0.020650594123766644,0.04443141539557774,0.018039127314791806,0.017744036024068845,0.03637131675049103,0.9073740069211277,0.874088244329569,0.6487649780833974,0.0,0.0,none
75,1074,True,True,5,0.027638262664853856,0.021469622774129202,0.04046784471778002,0.025229782169615037,0.018126796493674026,0.03904580051786369,0.9632982343520347,0.9630956259381237,0.3876095291130343,0.0,0.0,none
76,1075,True,True,5,0.024198439192075597,0.018665389355461096,0.04716481310102545,0.032075730406428256,0.017156966318506668,0.03875174455589662,0.9629422073662276,0.9760209820017552,0.5150951752478772,0.0,0.0,none
77,1076,True,True,5,0.025662254733717953,0.021894981243004374,0.051344616688940754,0.02610076410081767,0.018650738776770332,0.04064323731064857,0.8348397124099133,0.9782904983024365,0.3062731515087569,0.0,0.0,none
78,1077,True,True,5,0.026679939110497798,0.019007126565527506,0.04616769967205697,0.03238208830399194,0.01789697643491734,0.038062348434962257,0.878712530489801,1.0673717092449218,0.5897582125155233,0.0,0.0,none
79,1078,True,True,5,0.02958141878200113,0.020952652878098436,0.05585013625890593,0.004853042587292521,0.01888903194099314,0.03924145470227408,1.0012234110169156,0.9412030182898367,0.6137091731951992,0.0,0.0,none
80,1079,True,True,5,0.028332394862906733,0.023109036274567233,0.060910882893090774,0.03728350730333322,0.01894508545799606,0.04114971191380552,1.0705970978592694,0.9783468841606291,1.2152991696664386,0.0,0.0,none
81,1080,True,True,5,0.026742921770410637,0.021961409926650667,0.06425604720143188,0.014326357547563043,0.018224659003145068,0.03713395711307244,0.947372157758185,0.912104773953138,0.2735615016320715,0.0,0.0,none
82,1081,True,True,5,0.028028535333182506,0.019851624992950873,0.05523791631915807,0.027500716115990483,0.017767767948660623,0.038791036253564774,0.9024720883014509,0.9301477097785675,0.7384247436150877,0.0,0.0,none
83,1082,True,True,5,0.030674380870869343,0.021308262698427914,0.057959277809400606,0.017810058063210697,0.017360465062745887,0.03744941965003427,0.9133488372757866,0.9034349104520687,1.0388385174951407,0.0,0.0,none
84,1083,True,True,5,0.02474370326311199,0.019648791308656693,0.04320289283476521,0.01149849191657891,0.01700006611860096,0.03661869486846468,0.9554122962288953,0.8646357236726702,0.643853739665728,0.0,0.0,none
85,1084,True,True,5,0.025159112718178202,0.020690583328941383,0.05134478660015873,0.018335991903075836,0.018638683490823846,0.039261667409312695,1.0383449562197504,0.9239494471689053,0.7521630722338428,0.0,0.024993751562109475,none
86,1085,True,True,5,0.02895027736288781,0.02322500984845015,0.05742092223017364,0.005853443703984359,0.019800899830661405,0.040181556364014735,0.9406177870045387,0.9749600506929649,1.1299645437715153,0.0,0.0,none
87,1086,True,True,5,0.028826160622531516,0.022633360390866872,0.05436868544041623,0.012829712170827063,0.01923048832659767,0.0382383155585918,0.8624616452999825,0.9175723234851249,1.1520220166299442,0.0,0.0,none
88,1087,True,True,5,0.028691910383230733,0.021685549494529242,0.043906048952914695,0.03976742083505124,0.019293766227065277,0.03880713555239479,0.9052371328052938,0.9269707265854308,0.3905267970079004,0.0,0.0,none
89,1088,True,True,5,0.026894964943104317,0.02117062458286758,0.05767531415890877,0.03730634510112612,0.018291967897017973,0.039089380383552516,0.9103566101323086,0.9412139239951134,0.9732537777046848,0.0,0.0,none
90,1089,True,True,5,0.02486706498699943,0.020080560929140606,0.04522441486198201,0.017245151666128552,0.01804335790884689,0.037425063860594854,0.9237444508642173,0.9362868710094804,1.0078957086681533,0.0,0.0,none
91,1090,True,True,5,0.031911582636142355,0.02506573664986046,0.06991898884196592,0.012885157127930424,0.01892640984994246,0.040058646191759785,1.0010010756423544,0.9526384899648239,1.239869552451594,0.0,0.0,none
92,1091,True,True,5,0.025646269066215997,0.02010781361406653,0.047384530308235466,0.023529239072980313,0.017602510795995008,0.03694525058465973,0.9397423461106875,0.9254878520523966,0.49511184263879854,0.0,0.0,none
93,1092,True,True,5,0.02734833170662175,0.021338442151576008,0.05304223940382384,0.03965357723622212,0.017597103313981087,0.037694834224891303,0.8940058234672809,0.9841706143021687,1.1650187347001468,0.0,0.0,none
94,1093,True,True,5,0.02917910322063999,0.020364190093099435,0.0422576738462457,0.01752714420263427,0.0178848148026152,0.038512690766182536,0.9684548840860312,0.9996868865194547,0.33390780198979686,0.0,0.0,none
95,1094,True,True,5,0.030145823219928918,0.02325071888565059,0.053827086446366336,0.021601607195038647,0.01981062758922211,0.04053114775814165,0.9362609588189558,1.0161766143871496,0.7853908923329117,0.0,0.0,none
96,1095,True,True,5,0.024079853607874194,0.019745158165033458,0.053389437619069925,0.0242558304435941,0.01861859668790155,0.03747756974203039,0.9078471469066466,0.9648633592291996,0.7371025734796006,0.0,0.0,none
97,1096,True,True,5,0.02797128957902582,0.021496211001925215,0.04976815079170939,0.018120070611515646,0.018797849686158347,0.03906511142506046,0.9299258307813865,0.92751499056134,0.4342028177113499,0.0,0.0,none
98,1097,True,True,5,0.028544312912094617,0.02473468918939876,0.047476259905316294,0.013745085294012197,0.018587820087691217,0.03916684725197919,0.9502102272401115,0.9476731137956147,1.2759484130485301,0.0,0.0,none
99,1098,True,True,5,0.028814209246148716,0.02228114521464129,0.05494231704666229,0.022120401033831286,0.01734192039530419,0.037419747301863954,0.8960751520868306,0.9865306168074192,1.0680699015617774,0.0,0.024993751562109475,none
100,1099,True,True,5,0.024218214584292654,0.018125956371065424,0.03758529025976304,0.011056417008271188,0.017399286755740408,0.037561522255293515,0.9503638946935992,0.8701957747530783,0.8291964161248666,0.0,0.0,none
