position_rmse_m,max_error_m,final_error_m,success
6.574761692466536411e-01,2.097308371337625932e+00,4.333297035403663737e-06,1.000000000000000000e+00
6.582562441161647904e-01,2.093175374319722781e+00,4.566886281012863839e-06,1.000000000000000000e+00
6.579299015267117134e-01,2.102439990296780969e+00,7.709840360638752779e-06,1.000000000000000000e+00
6.578332554064149074e-01,2.093479915139200731e+00,6.785609789165470984e-06,1.000000000000000000e+00
6.570264369165028651e-01,2.102050389153513166e+00,3.509688419667418405e-06,1.000000000000000000e+00
6.578877463398333791e-01,2.099098715538258997e+00,3.737620557381639101e-06,1.000000000000000000e+00
6.569941348032330986e-01,2.101553473113893400e+00,5.431399557893498824e-06,1.000000000000000000e+00
6.570040575946834993e-01,2.102760898564021819e+00,7.424883549412606042e-06,1.000000000000000000e+00
6.575956363463377752e-01,2.095908674021980111e+00,7.722453222694794977e-06,1.000000000000000000e+00
6.579818351523208930e-01,2.099697494435432965e+00,4.534380049094535754e-06,1.000000000000000000e+00
6.568066696058562082e-01,2.102703406365509231e+00,6.143926834091737363e-06,1.000000000000000000e+00
6.574525207606888300e-01,2.100016544250427053e+00,3.902846788866283498e-06,1.000000000000000000e+00
6.577411578737477615e-01,2.097260955478962963e+00,4.191801554178453497e-06,1.000000000000000000e+00
6.572119879816831212e-01,2.100001623891075031e+00,6.011373136219292293e-06,1.000000000000000000e+00
6.567909271793720416e-01,2.100382054681274369e+00,6.802613216404474721e-06,1.000000000000000000e+00
6.570880211899285950e-01,2.102746109080478654e+00,3.530739172305452506e-06,1.000000000000000000e+00
6.575069014912963139e-01,2.089371029241722688e+00,3.987823002001113393e-06,1.000000000000000000e+00
6.576625137489935380e-01,2.101232756695520898e+00,4.180536115376193452e-06,1.000000000000000000e+00
6.579696391828460111e-01,2.090513619703821213e+00,5.776486304692912720e-06,1.000000000000000000e+00
6.581056070143770365e-01,2.089972724022578277e+00,3.680339027428732877e-06,1.000000000000000000e+00
6.580858283224051419e-01,2.094362424219961660e+00,3.341610897320311380e-06,1.000000000000000000e+00
6.576619408387104349e-01,2.097967650344944701e+00,5.525393355323922553e-06,1.000000000000000000e+00
6.581164677628958959e-01,2.091552893671801083e+00,4.666154697106429467e-06,1.000000000000000000e+00
6.576673453881500819e-01,2.093225520158983333e+00,5.737229298889918303e-06,1.000000000000000000e+00
6.578328518300889938e-01,2.089764970362769425e+00,5.225022018690720626e-06,1.000000000000000000e+00
6.568836096730827911e-01,2.106464257981631949e+00,4.499646211618596739e-06,1.000000000000000000e+00
6.569136781216674548e-01,2.107668776363842866e+00,7.363123966738364311e-06,1.000000000000000000e+00
6.577826997362125061e-01,2.101169462170342506e+00,3.968987073698025919e-06,1.000000000000000000e+00
6.567891960235564541e-01,2.105579079618791649e+00,2.850145706412782477e-06,1.000000000000000000e+00
6.574188113044370230e-01,2.098252131952466737e+00,4.933376341616593084e-06,1.000000000000000000e+00
