gain_family,axis,iteration,direction,gain_before,gain_candidate,score_before,score_candidate,full_rmse_deg,post_transient_rmse_deg,steady_state_error_deg,overshoot_percent,rise_time_s,settling_time_s,saturation_fraction,sustained_oscillation,accepted
rate_kp,roll,1,down,0.18,0.1607142857142857,5.16675,8.68532013546769,2.8698244123625307,0.25500016933173447,0.07922172445831475,4.689543732877137,0.507,1.5380000000000003,0.0003332222592469177,False,False
rate_kp,roll,1,up,0.18,0.2016,5.16675,2.4196800000000005,2.7458673706428436,0.19145632567132428,0.054190989593047224,2.8875006418318527,0.486,1.284,0.0003332222592469177,False,True
rate_kp,roll,2,down,0.2016,0.18,2.4196800000000005,5.16675,2.805988267106205,0.21859245446038625,0.06577059088124868,3.7560716692433616,0.4960000000000001,1.415,0.0003332222592469177,False,False
rate_kp,roll,2,up,0.2016,0.22579200000000002,2.4196800000000005,0.31826999999999983,2.689366203819023,0.17299057944621182,0.044441969852710206,2.1009964120843705,0.479,1.103,0.0003332222592469177,False,True
rate_kp,roll,3,down,0.22579200000000002,0.2016,0.31826999999999983,2.4196800000000005,2.7458673706428436,0.19145632567132428,0.054190989593047224,2.8875006418318527,0.486,1.284,0.0003332222592469177,False,False
rate_kp,roll,3,up,0.22579200000000002,0.25288704000000006,0.31826999999999983,0.0,2.6363912216026537,0.16390719087723762,0.036333354955772536,1.419054486762139,0.474,0.7250000000000001,0.0003332222592469177,False,True
rate_kp,pitch,1,down,0.18,0.1607142857142857,5.16675,8.68532013546769,2.8698244123625307,0.25500016933173447,0.07922172445831475,4.689543732877137,0.507,1.5380000000000003,0.0003332222592469177,False,False
rate_kp,pitch,1,up,0.18,0.2016,5.16675,2.4196800000000005,2.7458673706428436,0.19145632567132428,0.054190989593047224,2.8875006418318527,0.486,1.284,0.0003332222592469177,False,True
rate_kp,pitch,2,down,0.2016,0.18,2.4196800000000005,5.16675,2.805988267106205,0.21859245446038625,0.06577059088124868,3.7560716692433616,0.4960000000000001,1.415,0.0003332222592469177,False,False
rate_kp,pitch,2,up,0.2016,0.22579200000000002,2.4196800000000005,0.31826999999999983,2.689366203819023,0.17299057944621182,0.044441969852710206,2.1009964120843705,0.479,1.103,0.0003332222592469177,False,True
rate_kp,pitch,3,down,0.22579200000000002,0.2016,0.31826999999999983,2.4196800000000005,2.7458673706428436,0.19145632567132428,0.054190989593047224,2.8875006418318527,0.486,1.284,0.0003332222592469177,False,False
rate_kp,pitch,3,up,0.22579200000000002,0.25288704000000006,0.31826999999999983,0.0,2.6363912216026537,0.16390719087723762,0.036333354955772536,1.419054486762139,0.474,0.7250000000000001,0.0003332222592469177,False,True
rate_kp,yaw,1,down,0.12,0.10714285714285714,209.1193739909606,309.25563808575856,7.606611241411675,1.612557978663495,0.011095609585332546,13.200111816760014,0.7490000000000001,2.587,0.0003332222592469177,False,False
rate_kp,yaw,1,up,0.12,0.13440000000000002,209.1193739909606,134.92802093553803,7.228922423619345,1.1466809466250398,0.06357008823333218,9.853211369665935,0.7130000000000001,2.346,0.0003332222592469177,False,True
rate_kp,yaw,2,down,0.13440000000000002,0.12000000000000001,134.92802093553803,209.1193739909606,7.411486950541512,1.367357728936701,0.0520656365145288,11.49907184124249,0.73,2.465,0.0003332222592469177,False,False
rate_kp,yaw,2,up,0.13440000000000002,0.15052800000000002,134.92802093553803,82.96221182774451,7.058343377746618,0.9501011376525279,0.048868273863797426,8.26863343757422,0.6990000000000001,2.23,0.0003332222592469177,False,True
rate_kp,yaw,3,down,0.15052800000000002,0.13440000000000002,82.96221182774451,134.92802093553803,7.228922423619345,1.1466809466250398,0.06357008823333218,9.853211369665935,0.7130000000000001,2.346,0.0003332222592469177,False,False
rate_kp,yaw,3,up,0.15052800000000002,0.16859136000000005,82.96221182774451,49.53633248172853,6.899241181950667,0.7785394692026204,0.026113238538863028,6.755921924436609,0.6869999999999999,2.113,0.0003332222592469177,False,True
rate_kp,yaw,4,down,0.16859136000000005,0.15052800000000002,49.53633248172853,82.96221182774451,7.058343377746618,0.9501011376525279,0.048868273863797426,8.26863343757422,0.6990000000000001,2.23,0.0003332222592469177,False,False
rate_kp,yaw,4,up,0.16859136000000005,0.1888223232000001,49.53633248172853,31.099301066765143,6.751132267939232,0.6331609726368721,0.005687134532300702,5.330396349917272,0.678,1.991,0.0003332222592469177,False,True
rate_kp,yaw,5,down,0.1888223232000001,0.16859136000000005,31.099301066765143,49.53633248172853,6.899241181950667,0.7785394692026204,0.026113238538863028,6.755921924436609,0.6869999999999999,2.113,0.0003332222592469177,False,False
rate_kp,yaw,5,up,0.1888223232000001,0.2114810019840001,31.099301066765143,22.067161792714277,6.6135404288165995,0.520521876350088,0.008336235704012445,4.012579024763756,0.6709999999999999,1.8570000000000002,0.0003332222592469177,False,True
rate_kp,yaw,6,down,0.2114810019840001,0.1888223232000001,22.067161792714277,31.099301066765143,6.751132267939232,0.6331609726368721,0.005687134532300702,5.330396349917272,0.678,1.991,0.0003332222592469177,False,False
rate_kp,yaw,6,up,0.2114810019840001,0.23685872222208015,22.067161792714277,14.365920000000006,6.485991439211197,0.4429507721932133,0.015834565721638792,2.8287691793161684,0.668,1.6920000000000002,0.0003332222592469177,False,True
rate_kp,yaw,7,down,0.23685872222208015,0.21148100198400013,14.365920000000006,22.067161792714277,6.6135404288165995,0.520521876350088,0.008336235704012445,4.012579024763756,0.6709999999999999,1.8570000000000002,0.0003332222592469177,False,False
rate_kp,yaw,7,up,0.23685872222208015,0.2652817688887298,14.365920000000006,0.0036300000000000798,6.368010886863662,0.40259343669936987,0.018420286788244793,1.8114769553009324,0.6679999999999999,1.0110000000000001,0.0003332222592469177,False,True
rate_kp,yaw,8,down,0.2652817688887298,0.23685872222208015,0.0036300000000000798,14.365920000000006,6.485991439211197,0.4429507721932133,0.015834565721638792,2.8287691793161684,0.668,1.6920000000000002,0.0003332222592469177,False,False
rate_kp,yaw,8,up,0.2652817688887298,0.2971155811553774,0.0036300000000000798,0.048000000000000084,6.260501867996172,0.39772066155100333,0.01496342625445318,0.9830810175688498,0.6709999999999999,1.04,0.001999333555481506,False,False
rate_ki,yaw,1,down,0.01,0.00909090909090909,0.0036300000000000798,0.004320000000000008,6.368861438541793,0.403335868642508,0.016629348117803658,1.7909689800504935,0.6679999999999999,1.012,0.0003332222592469177,False,False
rate_ki,yaw,1,up,0.01,0.011000000000000001,0.0036300000000000798,0.0024300000000000645,6.367077684068003,0.40396667631625444,0.02032257978120046,1.8338501134936713,0.667,1.0090000000000001,0.0003332222592469177,False,True
rate_ki,yaw,2,down,0.011000000000000001,0.01,0.0024300000000000645,0.0036300000000000798,6.368010886863662,0.40259343669936987,0.018420286788244793,1.8114769553009324,0.6679999999999999,1.0110000000000001,0.0003332222592469177,False,False
rate_ki,yaw,2,up,0.011000000000000001,0.012100000000000001,0.0024300000000000645,0.0019200000000000035,6.366054010776641,0.403111745402398,0.022334502110941946,1.8582421166731855,0.667,1.008,0.0003332222592469177,False,True
rate_ki,yaw,3,down,0.012100000000000001,0.011000000000000001,0.0019200000000000035,0.0024300000000000645,6.367077684068003,0.40396667631625444,0.02032257978120046,1.8338501134936713,0.667,1.0090000000000001,0.0003332222592469177,False,False
rate_ki,yaw,3,up,0.012100000000000001,0.013310000000000002,0.0019200000000000035,0.001080000000000002,6.364931342278856,0.404355464111783,0.024451885468304055,1.8848066374026473,0.6659999999999999,1.006,0.0003332222592469177,False,True
rate_ki,yaw,4,down,0.013310000000000002,0.012100000000000001,0.001080000000000002,0.0019200000000000035,6.366054010776641,0.403111745402398,0.022334502110941946,1.8582421166731855,0.667,1.008,0.0003332222592469177,False,False
rate_ki,yaw,4,up,0.013310000000000002,0.014641000000000003,0.001080000000000002,0.0007500000000000346,6.36370038953872,0.4055284836678731,0.026667529443982856,1.9137154194807948,0.665,1.0050000000000001,0.0003332222592469177,False,True
rate_ki,yaw,5,down,0.014641000000000003,0.013310000000000002,0.0007500000000000346,0.001080000000000002,6.364931342278856,0.404355464111783,0.024451885468304055,1.8848066374026473,0.6659999999999999,1.006,0.0003332222592469177,False,False
rate_ki,yaw,5,up,0.014641000000000003,0.016105100000000004,0.0007500000000000346,0.0002700000000000205,6.3623510356593735,0.4066266618800771,0.02897052098837183,1.9451352742757777,0.6639999999999999,1.0030000000000001,0.0003332222592469177,False,True
rate_ki,yaw,6,down,0.016105100000000004,0.014641000000000003,0.0002700000000000205,0.0007500000000000346,6.36370038953872,0.4055284836678731,0.026667529443982856,1.9137154194807948,0.665,1.0050000000000001,0.0003332222592469177,False,False
rate_ki,yaw,6,up,0.016105100000000004,0.017715610000000007,0.0002700000000000205,3.0000000000006713e-05,6.3608722674493166,0.40764583898018103,0.03134545715902182,1.9792440248041032,0.663,1.0010000000000001,0.0003332222592469177,False,True
rate_ki,yaw,7,down,0.017715610000000007,0.016105100000000004,3.0000000000006713e-05,0.0002700000000000205,6.3623510356593735,0.4066266618800771,0.02897052098837183,1.9451352742757777,0.6639999999999999,1.0030000000000001,0.0003332222592469177,False,False
rate_ki,yaw,7,up,0.017715610000000007,0.019487171000000008,3.0000000000006713e-05,5.807999999999999,6.359252101718647,0.40858179638789,0.033771569456162526,2.016228676005163,0.6619999999999999,1.44,0.0003332222592469177,False,False
rate_kd,yaw,1,down,0.01,0.008928571428571428,3.0000000000006713e-05,0.0,6.328978782035658,0.4028186683710682,0.026970602613268044,1.9236146660318454,0.6569999999999999,0.9930000000000001,0.0003332222592469177,False,True
rate_kd,yaw,1,up,0.01,0.011200000000000002,3.0000000000006713e-05,6.85452,6.39616736598843,0.4128008923830442,0.03631509680641945,2.038487731637808,0.669,1.478,0.0003332222592469177,False,False
